{"rmse": 0.7550238940560343, "mean": 0.572287484263369, "median": 0.4096903943876653, "std": 0.49249174201304347, "min": 0.01664422508649961, "max": 2.345649339902244, "sse": 2749.974652792874}