{"rmse": 0.07632210082327663, "mean": 0.06878070224735584, "median": 0.06644978582180436, "std": 0.03307987412973306, "min": 0.008580789850863243, "max": 0.20743322181894647, "sse": 2.3882758603721452}