{"rmse": 0.05849302714215892, "mean": 0.04759662208346182, "median": 0.04047422474524206, "std": 0.03399993809549446, "min": 0.000438276333605675, "max": 0.3326954061872038, "sse": 16.50157726357386}